{"sigma_vals": [0.0, 0.5, 1.0, 1.5, 2.0], "v_vals": [0.1, 0.3, 1.0, 3.0, 9.0], "D_grid": [[28595.01473736927, 6395.2488429035875, 344.3836254935569, 122.37066897452819, 81.04876671240878], [87108.07710885731, 6815.890585676356, 525.3282764734902, 113.00081017726693, 12.226246152383101], [38511.97923948994, 10837.45512550812, 2008.005172113624, 161.90218258040443, 5.87622288331047], [94053.6076536964, 24383.991382851, 282.2209177317662, 170.5404890077292, 2.0356152454408436], [157034.77752818548, 6313.659634982561, 1882.9706428114728, 512.1942480724435, 8.887233522614977]]}